Renee,Dieviss,rdieviss,President,rdieviss@test.com,,Corporate Team,San Francisco,415-555-1212,33782,10-1,San Francisco,California,US,94103
Patricia,Denson,pdenson,Vice President Engineering,pdenson@test.com,rdieviss,Corporate Team,San Francisco,415-555-1213,34265,10-2,San Francisco,California,US,94103
Christopher,Lampber,clampber,Director of Software Engineering,clampber@test.com,pdenson,Corporate Team,San Francisco,415-555-1214,34101,10-3,San Francisco,California,US,94103
Dean,Hownson,dhownson,Director of Hardware Engineering,dhownson@test.com,pdenson,Corporate Team,San Francisco,415-555-1215,33744,10-4,San Francisco,California,US,94103
Chad,Macott,cmacott,Hardware Engineering Product Manager,cmacott@test.com,dhownson,Hardware Engineering,San Francisco,415-555-1216,34310,10-5,San Francisco,California,US,94103
Bill,Stright,bstright,Hardware Engineering Product Manager,bstright@test.com,dhownson,Hardware Engineering,San Francisco,415-555-1217,34513,10-6,San Francisco,California,US,94103
Sharon,Vis,svis,Software Engineering Product Manager,svis@test.com,clampber,Software Engineering,San Francisco,415-555-1218,33702,10-7,San Francisco,California,US,94103
Nina,Rein,nrein,Software Engineering Product Manager,nrein@test.com,clampber,Software Engineering,San Francisco,415-555-1219,39776,10-8,San Francisco,California,US,94103
Bart,Boolzet,bboolzet,Flex Engineer,bboolzet@test.com,svis,Software Engineering,San Francisco,415-555-1220,39750,10-9,San Francisco,California,US,94103
David,Helbeck,dhelbeck,Flex Engineer,dhelbeck@test.com,svis,Software Engineering,San Francisco,415-555-1221,34167,10-10,San Francisco,California,US,94103
Bryan,Vinyder,bvinyder,Flex Engineer,bvinyder@test.com,svis,Software Engineering,San Francisco,415-555-1222,63006,10-11,San Francisco,California,US,94103
Claire,Badi,cbadi,Flex Engineer,cbadi@test.com,svis,Software Engineering,San Francisco,415-555-1223,64470,10-12,San Francisco,California,US,94103
Denise,Mon,dmon,Engineer,dmon@test.com,nrein,Software Engineering,San Francisco,415-555-1224,33873,10-13,San Francisco,California,US,94103
Bruce,Selters,bselters,Engineer,bselters@test.com,nrein,Software Engineering,San Francisco,415-555-1225,42438,10-14,San Francisco,California,US,94103
Dan,Hers,dhers,Engineer,dhers@test.com,nrein,Software Engineering,San Francisco,415-555-1226,42552,10-15,San Francisco,California,US,94103
Sara,Garp,sgarp,Engineer,sgarp@test.com,nrein,Software Engineering,San Francisco,415-555-1227,24256,10-16,San Francisco,California,US,94103
Chuck,Erick,cerick,Engineer,cerick@test.com,bboolzet,Hardware Engineering,San Francisco,415-555-1228,81201,10-17,San Francisco,California,US,94103
Clay,Poklert,cpoklert,Engineer,cpoklert@test.com,bboolzet,Hardware Engineering,San Francisco,415-555-1229,34094,10-18,San Francisco,California,US,94103
Gary,Cham,gcham,Engineer,gcham@test.com,bboolzet,Hardware Engineering,San Francisco,415-555-1230,62985,10-19,San Francisco,California,US,94103
Deborah,Can,dcan,Engineer,dcan@test.com,bboolzet,Hardware Engineering,San Francisco,415-555-1231,57808,10-20,San Francisco,California,US,94103
Frank,Nord,fnord,Engineer,fnord@test.com,cmacott,Hardware Engineering,San Francisco,415-555-1232,57808,11-1,San Francisco,California,US,94103
Andrew,Monoreal,amonoreal,Engineer,amonoreal@test.com,cmacott,Hardware Engineering,San Francisco,415-555-1233,57808,11-2,San Francisco,California,US,94103
Eric,Stant,estant,Engineer,estant@test.com,cmacott,Hardware Engineering,San Francisco,415-555-1234,27697,11-3,San Francisco,California,US,94103
Allen,Sman,asman,Engineer,asman@test.com,cmacott,Hardware Engineering,San Francisco,415-555-1235,53738,11-4,San Francisco,California,US,94103
Brett,Aussonz,baussonz,Engineer,baussonz@test.com,cmacott,Hardware Engineering,San Francisco,415-555-1236,22385,11-5,San Francisco,California,US,94103
Kathleen,Pendric,kpendric,Engineer,kpendric@test.com,nrein,Software Engineering,San Francisco,415-555-1237,57679,11-6,San Francisco,California,US,94103
Edward,Sunds,esunds,UI Engineer,esunds@test.com,nrein,Software Engineering,San Francisco,415-555-1238,24226,11-7,San Francisco,California,US,94103
Michelle,Larverb,mlarverb,UI Engineer,mlarverb@test.com,nrein,Software Engineering,San Francisco,415-555-1239,62294,11-8,San Francisco,California,US,94103
Dorothy,Prison,dprison,UI Engineer,dprison@test.com,nrein,Software Engineering,San Francisco,415-555-1240,32839,11-9,San Francisco,California,US,94103
Brendan,McCones,bmccones,UI Engineer,bmccones@test.com,svis,Software Engineering,San Francisco,415-555-1241,39759,11-10,San Francisco,California,US,94103
Katharine,Harboun,kharboun,UI Engineer,kharboun@test.com,svis,Software Engineering,San Francisco,415-555-1242,65414,11-11,San Francisco,California,US,94103
Stefanie,Warraft,swarraft,UI Engineer,swarraft@test.com,svis,Software Engineering,San Francisco,415-555-1243,34507,11-12,San Francisco,California,US,94103
Denny,Apper,dapper,Vice President Marketing,dapper@test.com,rdieviss,Corporate Team,Chicago,310-555-1212,32297,11-13,Chicago,Illinois,US,66101
Daniel,Will,dwill,Print Marketing Director,dwill@test.com,dapper,Marketing ,Chicago,310-555-1213,25332,11-14,Chicago,Illinois,US,66101
Martha,Dant,mdant,Web Marketing Director,mdant@test.com,dapper,Marketing ,Chicago,310-555-1214,57808,11-15,Chicago,Illinois,US,66101
Dana,Carar,dcarar,Marketing Manager,dcarar@test.com,dwill,Marketing ,Chicago,310-555-1215,39695,11-16,Chicago,Illinois,US,66101
Derek,Wyarvic,dwyarvic,Marketing Manager,dwyarvic@test.com,mdant,Marketing ,Chicago,310-555-1216,33866,11-17,Chicago,Illinois,US,66101
Katherine,Dant,kdant,Copyrighter,kdant@test.com,dcarar,Marketing ,Chicago,310-555-1217,34534,11-18,Chicago,Illinois,US,66101
Christina,Ralton,cralton,Copyrighter,cralton@test.com,dcarar,Marketing ,Chicago,310-555-1218,34396,11-19,Chicago,Illinois,US,66101
Diane,Wis,dwis,Copyrighter,dwis@test.com,dcarar,Marketing ,Chicago,310-555-1219,34537,11-20,Chicago,Illinois,US,66101
Ben,Tater,btater,Copyrighter,btater@test.com,dcarar,Marketing ,Chicago,310-555-1220,34321,12-1,Chicago,Illinois,US,66101
Bradley,Ree,bree,Ad Specialist,bree@test.com,dwyarvic,Marketing ,Chicago,310-555-1221,34277,12-2,Chicago,Illinois,US,66101
Shirley,Luker,sluker,Ad Specialist,sluker@test.com,dwyarvic,Marketing ,Chicago,310-555-1222,33773,12-3,Chicago,Illinois,US,66101
Kara,Chaumso,kchaumso,Ad Specialist,kchaumso@test.com,dwyarvic,Marketing ,Chicago,310-555-1223,34302,12-4,Chicago,Illinois,US,66101
Ann,Haglist,ahaglist,Ad Specialist,ahaglist@test.com,dwyarvic,Marketing ,Chicago,310-555-1224,33903,12-5,Chicago,Illinois,US,66101
Sheri,Gertwri,sgertwri,Ad Specialist,sgertwri@test.com,dwyarvic,Marketing ,Chicago,310-555-1225,33873,12-6,Chicago,Illinois,US,66101
Mary,Yothork,myothork,Vice President Corporate Sales,myothork@test.com,rdieviss,Corporate Team,Los Angeles,310-555-1212,34470,12-7,Los Angeles,California,US,95110
Andy,Weidern,aweidern,Director of Software Sales,aweidern@test.com,myothork,Sales ,Los Angeles,310-555-1213,65775,12-8,Los Angeles,California,US,95110
Chris,Bran,cbran,Director of Hardware Sales,cbran@test.com,myothork,Sales ,Los Angeles,310-555-1214,34355,12-9,Los Angeles,California,US,95110
Doug,AushacL,daushacl,Sales Account Manager,daushacl@test.com,aweidern,Sales ,Los Angeles,310-555-1215,34102,12-10,Los Angeles,California,US,95110
Nicole,McAfey,nmcafey,Sales Account Manager,nmcafey@test.com,aweidern,Sales ,Los Angeles,310-555-1216,34690,12-11,Los Angeles,California,US,95110
Cynthia,Day,cday,Sales Account Manager,cday@test.com,cbran,Sales ,Los Angeles,310-555-1217,33715,12-12,Los Angeles,California,US,95110
Fred,Martler,fmartler,Sales Account Manager,fmartler@test.com,cbran,Sales ,Los Angeles,310-555-1218,33729,12-13,Los Angeles,California,US,95110
Anthony,Cazzi,acazzi,Sales Executive,acazzi@test.com,daushacl,Sales ,Los Angeles,310-555-1219,57331,12-14,Los Angeles,California,US,95110
Evan,Resto,eresto,Sales Executive,eresto@test.com,nmcafey,Sales ,Los Angeles,310-555-1220,33709,12-15,Los Angeles,California,US,95110
Deirdre,Gerson,dgerson,Sales Executive,dgerson@test.com,cday,Sales ,Los Angeles,310-555-1221,33842,12-16,Los Angeles,California,US,95110
Deanne,Haltael,dhaltael,Sales Executive,dhaltael@test.com,fmartler,Sales ,Los Angeles,310-555-1222,34699,12-17,Los Angeles,California,US,95110
Christen,Havill,chavill,Sales Executive,chavill@test.com,daushacl,Sales ,Los Angeles,310-555-1223,34500,12-18,Los Angeles,California,US,95110
Melissa,Nalwar,mnalwar,Sales Executive,mnalwar@test.com,nmcafey,Sales ,Los Angeles,310-555-1224,34264,12-19,Los Angeles,California,US,95110
Natalie,Syzders,nsyzders,Sales Executive,nsyzders@test.com,cday,Sales ,Los Angeles,310-555-1225,34356,12-20,Los Angeles,California,US,95110
Gene,Gairava,ggairava,Sales Executive,ggairava@test.com,fmartler,Sales ,Los Angeles,310-555-1226,57808,13-1,Los Angeles,California,US,95110
Bobby,LaVarbi,blavarbi,Vice President of Information Technology,blavarbi@test.com,rdieviss,Corporate Team,Los Angeles,310-555-1227,34567,13-2,Los Angeles,California,US,95110
Carrie,Ryerlar,cryerlar,Information Technology Manager,cryerlar@test.com,blavarbi,Information Technology,San Francisco,415-555-1212,33784,13-3,San Francisco,California,US,94103
Rachel,Fayer,rfayer,Information Technology Manager,rfayer@test.com,blavarbi,Information Technology,San Francisco,415-555-1213,25925,13-4,San Francisco,California,US,94103
Pamela,Dieligh,pdieligh,Help Desk Specialist,pdieligh@test.com,cryerlar,Information Technology,San Francisco,415-555-1214,33841,13-5,San Francisco,California,US,94103
Dianne,Watinag,dwatinag,Help Desk Specialist,dwatinag@test.com,rfayer,Information Technology,San Francisco,415-555-1215,86031,13-6,San Francisco,California,US,94103
Carlos,Marg,cmarg,Help Desk Specialist,cmarg@test.com,cryerlar,Information Technology,San Francisco,415-555-1216,57808,13-7,San Francisco,California,US,94103
Karen,Denseni,kdenseni,Help Desk Specialist,kdenseni@test.com,rfayer,Information Technology,Los Angeles,310-555-1212,33763,13-8,Los Angeles,California,US,95110
Charles,Luxemer,cluxemer,Help Desk Specialist,cluxemer@test.com,cryerlar,Information Technology,Los Angeles,310-555-1213,34403,13-9,Los Angeles,California,US,95110
Monica,Dard,mdard,Help Desk Specialist,mdard@test.com,rfayer,Information Technology,Los Angeles,310-555-1214,33716,13-10,Los Angeles,California,US,95110
Brian,Miner,bminer,Help Desk Specialist,bminer@test.com,cryerlar,Information Technology,Los Angeles,310-555-1215,66262,13-11,Los Angeles,California,US,95110
Sandra,Hood,shood,Help Desk Specialist,shood@test.com,rfayer,Information Technology,Los Angeles,310-555-1216,34389,13-12,Los Angeles,California,US,95110
Nancy,Nornton,nnornton,Help Desk Specialist,nnornton@test.com,cryerlar,Information Technology,Los Angeles,310-555-1217,36912,13-13,Los Angeles,California,US,95110
Rebecca,Garrez,rgarrez,Help Desk Specialist,rgarrez@test.com,rfayer,Information Technology,Los Angeles,310-555-1218,33780,13-14,Los Angeles,California,US,95110
Chrissy,Han,chan,Help Desk Specialist,chan@test.com,cryerlar,Information Technology,Los Angeles,310-555-1219,66309,13-15,Los Angeles,California,US,95110
Corey,Fareder,cfareder,Help Desk Specialist,cfareder@test.com,rfayer,Information Technology,Los Angeles,310-555-1220,34065,13-16,Los Angeles,California,US,95110
Crystal,Grisuro,cgrisuro,Help Desk Specialist,cgrisuro@test.com,cryerlar,Information Technology,Los Angeles,310-555-1221,33787,13-17,Los Angeles,California,US,95110
Barry,Kamson,bkamson,Vice President Creative Services,bkamson@test.com,rdieviss,Corporate Team,Los Angeles,310-555-1222,34220,13-18,Los Angeles,California,US,95110
Dennis,Ritaebe,dritaebe,Creative Director,dritaebe@test.com,bkamson,Creative Services,San Francisco,415-555-1212,57808,13-19,San Francisco,California,US,94103
Maya,Zitad,mzitad,Creative Director,mzitad@test.com,bkamson,Creative Services,San Francisco,415-555-1213,65709,13-20,San Francisco,California,US,94103
Duane,Meam,dmeam,Creative Director,dmeam@test.com,bkamson,Creative Services,San Francisco,415-555-1214,39823,14-1,San Francisco,California,US,94103
Brad,Fer,bfer,Creative Director,bfer@test.com,bkamson,Creative Services,San Francisco,415-555-1215,34067,14-2,San Francisco,California,US,94103
Catherine,Planne,cplanne,Visual Designer,cplanne@test.com,dritaebe,Creative Services,San Francisco,415-555-1216,62772,14-3,San Francisco,California,US,94103
Cassandra,Pramps,cpramps,Visual Designer,cpramps@test.com,mzitad,Creative Services,San Francisco,415-555-1212,57808,14-4,San Francisco,California,US,94103
Art,Mebroyl,amebroyl,Visual Designer,amebroyl@test.com,dmeam,Creative Services,San Francisco,415-555-1213,27675,14-5,San Francisco,California,US,94103
Charlotte,Lewichm,clewichm,Visual Designer,clewichm@test.com,bfer,Creative Services,San Francisco,415-555-1214,64169,14-6,San Francisco,California,US,94103
Don,Ber,dber,Visual Designer,dber@test.com,dritaebe,Creative Services,San Francisco,415-555-1215,64832,14-7,San Francisco,California,US,94103
Craig,Murawce,cmurawce,Visual Designer,cmurawce@test.com,mzitad,Creative Services,San Francisco,415-555-1216,66358,14-8,San Francisco,California,US,94103
Benjamin,Bainert,bbainert,Visual Designer,bbainert@test.com,dmeam,Creative Services,San Francisco,415-555-1212,57867,14-9,San Francisco,California,US,94103
Arthur,Mord,amord,Visual Designer,amord@test.com,bfer,Creative Services,San Francisco,415-555-1213,39656,14-10,San Francisco,California,US,94103
Christine,Prino,cprino,Assistant Visual Designer,cprino@test.com,dritaebe,Creative Services,San Francisco,415-555-1214,57808,14-11,San Francisco,California,US,94103
Eugene,Allanaw,eallanaw,Assistant Visual Designer,eallanaw@test.com,mzitad,Creative Services,San Francisco,415-555-1215,57808,14-12,San Francisco,California,US,94103
Dave,Pow,dpow,Assistant Visual Designer,dpow@test.com,dmeam,Creative Services,San Francisco,415-555-1216,33712,14-13,San Francisco,California,US,94103
Sonia,Coher,scoher,Assistant Visual Designer,scoher@test.com,bfer,Creative Services,San Francisco,415-555-1212,64101,14-14,San Francisco,California,US,94103
Christy,Belforg,cbelforg,Assistant Visual Designer,cbelforg@test.com,dritaebe,Creative Services,San Francisco,415-555-1213,66547,14-15,San Francisco,California,US,94103
Courtney,Hugan,chugan,Assistant Visual Designer,chugan@test.com,mzitad,Creative Services,San Francisco,415-555-1214,39798,14-16,San Francisco,California,US,94103
Claudia,Hon,chon,Assistant Visual Designer,chon@test.com,dmeam,Creative Services,San Francisco,415-555-1215,57808,14-17,San Francisco,California,US,94103
Danielle,Whin,dwhin,Assistant Visual Designer,dwhin@test.com,bfer,Creative Services,San Francisco,415-555-1216,39671,14-18,San Francisco,California,US,94103
Melanie,Ger,mger,Assistant Visual Designer,mger@test.com,dritaebe,Creative Services,San Francisco,415-555-1212,25128,14-19,San Francisco,California,US,94103
,,,,,,,,,,,,,,
